crash_id,degree_of_crash,degree_of_crash_-_detailed,reporting_year,year_of_crash,month_of_crash,day_of_week_of_crash,two-hour_intervals,street_of_crash,street_type,distance,direction,identifying_feature,identifying_feature_type,town,route_no.,school_zone_location,school_zone_active,type_of_location,latitude,longitude,lga,urbanisation,conurbation_1,alignment,primary_permanent_feature,primary_temporary_feature,primary_hazardous_feature,street_lighting,road_surface,surface_condition,weather,natural_lighting,signals_operation,other_traffic_control,speed_limit,road_classification_(admin),rum_-_code,rum_-_description,dca_-_code,dca_-_description,dca_supplement,first_impact_type,key_tu_type,other_tu_type,no._of_traffic_units_involved,no._killed,no._seriously_injured,no._moderately_injured,no._minor-other_injured,month_num,month_label,season,day_label,time_label,time_band,is_peak_commute,is_fatal,is_injury,is_casualty
1375360,Non-casualty (towaway),Non-casualty (towaway),2024,2024,November,Thursday,10:00 - 11:59,JOYCE,ST,0,Right on the spot,NUMBER 29,HN,FAIRFIELD,,No,Not a school zone,2-way undivided,-33.871898,150.942706,Fairfield,Sydney metro. area,Syd-Newc-Woll Gtr conurbation,Straight,,,,Off,Sealed,Dry,Overcast,Daylight,Nil,No traffic controls,50 km/h,Local,50,Head on (overtake),501,Ovtak - Head on,,Head-on,Motorcycle,Car (sedan/hatch),2,0,0,0,0,11,November,Spring,Thursday,10:00 - 11:59,Midday / afternoon,False,False,False,False
1375378,Non-casualty (towaway),Non-casualty (towaway),2024,2024,November,Friday,08:00 - 09:59,PACIFIC,DR,0,Right on the spot,TUPPENNY,RD,PORT MACQUARIE,,No,Not a school zone,T-junction,-31.44103,152.924688,Port Macquarie-Hastings,Country urban,Rest of NSW - Urban,Straight,Steep grade,,,Off,Sealed,Dry,Fine,Daylight,Nil,Give way sign,50 km/h,Local,40,U turn,304,Same - U-turn,,Other angle,Car (sedan/hatch),Other bus,2,0,0,0,0,11,November,Spring,Friday,08:00 - 09:59,AM peak / school commute,True,False,False,False
1375386,Non-casualty (towaway),Non-casualty (towaway),2024,2024,November,Friday,04:00 - 05:59,FLOSS,ST,0,Right on the spot,GARNET,ST,DULWICH HILL,,No,Not a school zone,X-intersection,-33.909998,151.134741,Inner West,Sydney metro. area,Syd-Newc-Woll Gtr conurbation,Straight,Steep grade,,,On,Sealed,Dry,Fine,Darkness,Nil,Stop sign,50 km/h,Local,10,Cross traffic,101,Adj - Cross traffic,,Right angle,Unknown motor vehicle,4 wheel drive / SUV,2,0,0,0,0,11,November,Spring,Friday,04:00 - 05:59,Late night / early morning,False,False,False,False
1375399,Non-casualty (towaway),Non-casualty (towaway),2024,2024,December,Tuesday,22:00 - Midnight,PRESIDENT,AVE,0,Right on the spot,MANCHESTER,RD,GYMEA,2075.0,No,Not a school zone,X-intersection,-34.038246,151.087969,Sutherland,Sydney metro. area,Syd-Newc-Woll Gtr conurbation,Straight,,,,On,Sealed,Dry,Fine,Darkness,Nil,Give way sign,60 km/h,Regional,81,Off left/rt bnd=>obj,707,Right turn,Left,Vehicle - Object,Station wagon,,1,0,0,0,0,12,December,Summer,Tuesday,22:00 - Midnight,Evening / night,False,False,False,False
1375415,Non-casualty (towaway),Non-casualty (towaway),2024,2024,December,Saturday,22:00 - Midnight,BLACKETT,DR,20,East,BRUCEDALE,DR,CASTLE HILL,,No,Not a school zone,2-way undivided,-33.742625,150.987539,The Hills,Sydney metro. area,Syd-Newc-Woll Gtr conurbation,Straight,,,,On,Sealed,Dry,Fine,Darkness,Nil,No traffic controls,50 km/h,Local,71,Off rd left => obj,703,Left off cway into object,,Other angle,4 wheel drive / SUV,Light truck utility(from 2018),2,0,0,0,0,12,December,Summer,Saturday,22:00 - Midnight,Evening / night,False,False,False,False
1375427,Non-casualty (towaway),Non-casualty (towaway),2024,2024,November,Monday,14:00 - 15:59,PACIFIC,HWY,600,South,COOKS LANE,OP,CLYBUCCA,10.0,No,Not a school zone,Dual freeway,-30.909941,152.916711,Kempsey,Country non-urban,Rest of NSW - Rural,Straight,,,,Nil,Sealed,Dry,Fine,Daylight,Nil,No traffic controls,110 km/h,State,71,Off rd left => obj,703,Left off cway into object,,Vehicle - Object,4 wheel drive / SUV,,1,0,0,0,0,11,November,Spring,Monday,14:00 - 15:59,Midday / afternoon,False,False,False,False
1375435,Non-casualty (towaway),Non-casualty (towaway),2024,2024,November,Saturday,12:00 - 13:59,EVALINE,ST,0,Right on the spot,NUMBER 75,HN,CAMPSIE,,No,Not a school zone,2-way undivided,-33.91392,151.101888,Canterbury-Bankstown,Sydney metro. area,Syd-Newc-Woll Gtr conurbation,Straight,Driveway/entrance,,,Off,Sealed,Wet,Overcast,Daylight,Nil,No traffic controls,50 km/h,Local,53,Overtake turning,506,Ovtak - Overtaking right turn,,Other angle,Unknown motor vehicle,4 wheel drive / SUV,2,0,0,0,0,11,November,Spring,Saturday,12:00 - 13:59,Midday / afternoon,False,False,False,False
1375451,Non-casualty (towaway),Non-casualty (towaway),2024,2024,November,Friday,10:00 - 11:59,BANKSIA,RD,0,Right on the spot,NUMBER 7,HN,MOUNT ANNAN,,No,Not a school zone,2-way undivided,-34.064432,150.756802,Camden,Sydney metro. area,Syd-Newc-Woll Gtr conurbation,Curved,,,,Off,Sealed,Dry,Fine,Daylight,Nil,No traffic controls,50 km/h,Local,81,Off left/rt bnd=>obj,803,Off right bend into obj,Left,Other angle,Light truck utility(from 2018),Car (sedan/hatch),2,0,0,0,0,11,November,Spring,Friday,10:00 - 11:59,Midday / afternoon,False,False,False,False
1375456,Non-casualty (towaway),Non-casualty (towaway),2024,2024,December,Monday,04:00 - 05:59,CARAWA,ST,20,West,CROSS,ST,FORSTER,,No,Not a school zone,2-way undivided,-32.182247,152.519351,Mid-Coast,Country urban,Rest of NSW - Urban,Straight,,,,Nil,Sealed,Dry,Fine,Dawn,Nil,No traffic controls,50 km/h,Local,71,Off rd left => obj,703,Left off cway into object,,Other angle,4 wheel drive / SUV,Light truck,2,0,0,0,0,12,December,Summer,Monday,04:00 - 05:59,Late night / early morning,False,False,False,False
1375475,Non-casualty (towaway),Non-casualty (towaway),2024,2024,November,Friday,14:00 - 15:59,THE COMENARRA,PKWY,0,Right on the spot,NUMBER 21A,HN,THORNLEIGH,7244.0,No,Not a school zone,2-way undivided,-33.73183,151.083841,Hornsby,Sydney metro. area,Syd-Newc-Woll Gtr conurbation,Straight,Driveway/entrance,,,Off,Sealed,Dry,Overcast,Daylight,Nil,No traffic controls,60 km/h,Regional,93,Pkd veh runaway=>obj,906,Parked vehicle ran away,,Vehicle - Object,Large rigid,,1,0,0,0,0,11,November,Spring,Friday,14:00 - 15:59,Midday / afternoon,False,False,False,False
1375486,Non-casualty (towaway),Non-casualty (towaway),2024,2024,December,Tuesday,22:00 - Midnight,KALULAH,AVE,0,Right on the spot,THE CORSO,MS,GOROKAN,,No,Not a school zone,T-junction,-33.252019,151.514068,Central Coast,Country urban,Syd-Newc-Woll Gtr conurbation,Straight,,,,On,Sealed,Dry,Fine,Darkness,Nil,Give way sign,50 km/h,Local,88,Out of cont on bend,706,Left turn,,Rollover,Car (sedan/hatch),,1,0,0,0,0,12,December,Summer,Tuesday,22:00 - Midnight,Evening / night,False,False,False,False
1375502,Non-casualty (towaway),Non-casualty (towaway),2024,2024,November,Tuesday,10:00 - 11:59,WENTWORTH PARK,RD,0,Right on the spot,NUMBER 48-64,HN,GLEBE,,No,Not a school zone,2-way undivided,-33.87706,151.19157,Sydney,Sydney metro. area,Syd-Newc-Woll Gtr conurbation,Straight,Foot/cycle path/nature strip,,,Off,Sealed,Wet,Fine,Daylight,Nil,No traffic controls,40 km/h,Local,73,Off rd rght => obj,704,Right off cway into obj,,Other angle,Car (sedan/hatch),4 wheel drive / SUV,2,0,0,0,0,11,November,Spring,Tuesday,10:00 - 11:59,Midday / afternoon,False,False,False,False
1375506,Non-casualty (towaway),Non-casualty (towaway),2024,2024,November,Saturday,16:00 - 17:59,KINGSWAY,MS,0,Right on the spot,SYLVANIA,RD,MIRANDA,227.0,No,Not a school zone,X-intersection,-34.033118,151.092498,Sutherland,Sydney metro. area,Syd-Newc-Woll Gtr conurbation,Straight,,,,Off,Sealed,Wet,Raining,Daylight,On,No traffic controls,60 km/h,State,10,Cross traffic,101,Adj - Cross traffic,,Right angle,Car (sedan/hatch),Car (sedan/hatch),2,0,0,0,0,11,November,Spring,Saturday,16:00 - 17:59,PM peak / evening commute,True,False,False,False
1375524,Non-casualty (towaway),Non-casualty (towaway),2024,2024,November,Wednesday,20:00 - 21:59,FOREST,WAY,20,North,RALSTON,AVE,BELROSE,529.0,No,Not a school zone,Divided road,-33.728216,151.220651,Northern Beaches,Sydney metro. area,Syd-Newc-Woll Gtr conurbation,Straight,,,,On,Sealed,Dry,Fine,Darkness,Nil,No traffic controls,80 km/h,State,35,Lane change left,307,Same - Lane change left,,Other angle,Unknown motor vehicle,4 wheel drive / SUV,2,0,0,0,0,11,November,Spring,Wednesday,20:00 - 21:59,Evening / night,False,False,False,False
1375529,Non-casualty (towaway),Non-casualty (towaway),2024,2024,December,Friday,16:00 - 17:59,VICTORIA,RD,10,West,PENNANT,ST,PARRAMATTA,165.0,No,Not a school zone,T-junction,-33.808485,151.018767,Parramatta,Sydney metro. area,Syd-Newc-Woll Gtr conurbation,Straight,,,,Off,Sealed,Dry,Fine,Daylight,On,No traffic controls,60 km/h,State,30,Rear end,301,Same - Rear end,,Rear end,Car (sedan/hatch),Station wagon,2,0,0,0,0,12,December,Summer,Friday,16:00 - 17:59,PM peak / evening commute,True,False,False,False
1375569,Non-casualty (towaway),Non-casualty (towaway),2024,2024,August,Wednesday,00:01 - 01:59,LA MASCOTTE,AVE,50,West,BURWOOD,RD,CONCORD,,No,Not a school zone,2-way undivided,-33.859865,151.110372,Canada Bay,Sydney metro. area,Syd-Newc-Woll Gtr conurbation,Straight,,,,On,Sealed,Dry,Fine,Darkness,Nil,No traffic controls,50 km/h,Local,71,Off rd left => obj,703,Left off cway into object,,Other angle,Car (sedan/hatch),Car (sedan/hatch),2,0,0,0,0,8,August,Winter,Wednesday,00:01 - 01:59,Late night / early morning,False,False,False,False
1375601,Non-casualty (towaway),Non-casualty (towaway),2024,2024,November,Thursday,20:00 - 21:59,ALLOWRIE,ST,0,Right on the spot,NUMBER 18,HN,JAMBEROO,264.0,No,Not a school zone,2-way undivided,-34.648358,150.775728,Kiama,Country urban,Rest of NSW - Urban,Straight,,,,On,Sealed,Dry,Fine,Dusk,Nil,No traffic controls,50 km/h,Regional,71,Off rd left => obj,703,Left off cway into object,,Other angle,Light truck utility(from 2018),4 wheel drive / SUV,2,0,0,0,0,11,November,Spring,Thursday,20:00 - 21:59,Evening / night,False,False,False,False
1375603,Non-casualty (towaway),Non-casualty (towaway),2024,2024,July,Friday,20:00 - 21:59,CLIFFORD,ST,30,East,FAITHFULL,ST,GOULBURN,,No,Not a school zone,2-way undivided,-34.749434,149.713879,Goulburn Mulwaree,Country urban,Rest of NSW - Urban,Straight,,,,On,Sealed,Dry,Fine,Darkness,Nil,No traffic controls,50 km/h,Local,71,Off rd left => obj,703,Left off cway into object,,Other angle,Car (sedan/hatch),4 wheel drive / SUV,2,0,0,0,0,7,July,Winter,Friday,20:00 - 21:59,Evening / night,False,False,False,False
1375606,Non-casualty (towaway),Non-casualty (towaway),2024,2024,September,Sunday,08:00 - 09:59,SAMANTHA RILEY,DR,50,East,SANCTUARY,DR,BEAUMONT HILLS,7142.0,No,Not a school zone,Divided road,-33.705102,150.943408,The Hills,Sydney metro. area,Syd-Newc-Woll Gtr conurbation,Curved,,,,Off,Sealed,Dry,Fine,Daylight,Nil,No traffic controls,60 km/h,Regional,81,Off left/rt bnd=>obj,803,Off right bend into obj,Left,Vehicle - Object,Car (sedan/hatch),,1,0,0,0,0,9,September,Spring,Sunday,08:00 - 09:59,AM peak / school commute,True,False,False,False
1375616,Non-casualty (towaway),Non-casualty (towaway),2024,2024,October,Wednesday,08:00 - 09:59,BOWER,ST,0,Right on the spot,NUMBER 84,HN,MANLY,,No,Not a school zone,2-way undivided,-33.801487,151.29395,Northern Beaches,Sydney metro. area,Syd-Newc-Woll Gtr conurbation,Straight,Steep grade,,,Nil,Sealed,Dry,Fine,Daylight,Nil,No traffic controls,40 km/h,Local,49,Other manoeuvring,400,Manov - other,,Other angle,Unknown type,Motorcycle,2,0,0,0,0,10,October,Spring,Wednesday,08:00 - 09:59,AM peak / school commute,True,False,False,False
1375617,Non-casualty (towaway),Non-casualty (towaway),2024,2024,November,Tuesday,12:00 - 13:59,OLD PRINCES,HWY,300,North,WORONORA DAM,RD,WORONORA DAM,678.0,No,Not a school zone,2-way undivided,-34.156997,150.974948,Wollongong,Wollongong met. area,Syd-Newc-Woll Gtr conurbation,Curved,Steep grade,,,Nil,Sealed,Dry,Fine,Daylight,Nil,No traffic controls,100 km/h,Regional,81,Off left/rt bnd=>obj,803,Off right bend into obj,Left,Vehicle - Object,Car (sedan/hatch),,1,0,0,0,0,11,November,Spring,Tuesday,12:00 - 13:59,Midday / afternoon,False,False,False,False
1375625,Non-casualty (towaway),Non-casualty (towaway),2024,2024,September,Monday,18:00 - 19:59,MILITARY,RD,100,West,SPIT,RD,MOSMAN,164.0,No,Not a school zone,Divided road,-33.824504,151.239927,Mosman,Sydney metro. area,Syd-Newc-Woll Gtr conurbation,Straight,,,,On,Sealed,Dry,Fine,Darkness,Nil,No traffic controls,60 km/h,State,34,Lane change right,306,Same - Lane change right,,Other angle,Other bus,4 wheel drive / SUV,3,0,0,0,0,9,September,Spring,Monday,18:00 - 19:59,PM peak / evening commute,True,False,False,False
1375666,Non-casualty (towaway),Non-casualty (towaway),2024,2024,December,Sunday,00:01 - 01:59,PATEN,ST,80,South,BRANSGROVE,RD,REVESBY,,No,Not a school zone,2-way undivided,-33.947679,151.006206,Canterbury-Bankstown,Sydney metro. area,Syd-Newc-Woll Gtr conurbation,Straight,,,,On,Sealed,Wet,Raining,Darkness,Nil,No traffic controls,50 km/h,Local,73,Off rd rght => obj,704,Right off cway into obj,,Other angle,Car (sedan/hatch),4 wheel drive / SUV,3,0,0,0,0,12,December,Summer,Sunday,00:01 - 01:59,Late night / early morning,False,False,False,False
1375680,Non-casualty (towaway),Non-casualty (towaway),2024,2024,December,Sunday,14:00 - 15:59,THE HORSLEY,DR,0,Right on the spot,NUMBER 692,HN,SMITHFIELD,2105.0,Yes,No,Divided road,-33.853341,150.939391,Fairfield,Sydney metro. area,Syd-Newc-Woll Gtr conurbation,Straight,Steep grade,,,Nil,Sealed,Dry,Fine,Daylight,Nil,No traffic controls,60 km/h,Regional,42,Leaving parking,401,Manov - Leaving parking,,Other angle,Car (sedan/hatch),Utility,3,0,0,0,0,12,December,Summer,Sunday,14:00 - 15:59,Midday / afternoon,False,False,False,False
1375740,Non-casualty (towaway),Non-casualty (towaway),2024,2024,December,Monday,06:00 - 07:59,GRANVILLE,ST,0,Right on the spot,WARE,ST,FAIRFIELD HEIGHTS,,No,Not a school zone,Roundabout,-33.865268,150.946855,Fairfield,Sydney metro. area,Syd-Newc-Woll Gtr conurbation,Straight,,,,Off,Sealed,Dry,Fine,Daylight,Nil,Give way sign,50 km/h,Local,10,Cross traffic,101,Adj - Cross traffic,,Right angle,Unknown motor vehicle,Car (sedan/hatch),2,0,0,0,0,12,December,Summer,Monday,06:00 - 07:59,AM peak / school commute,True,False,False,False
1375821,Non-casualty (towaway),Non-casualty (towaway),2024,2024,December,Saturday,10:00 - 11:59,BENT,ST,0,Right on the spot,BLIGH,ST,SYDNEY,,No,Not a school zone,T-junction,-33.864757,151.211119,Sydney,Sydney metro. area,Syd-Newc-Woll Gtr conurbation,Straight,Steep grade,,,Off,Sealed,Dry,Fine,Daylight,On,No traffic controls,40 km/h,Local,34,Lane change right,306,Same - Lane change right,,Other angle,Passenger van,Car (sedan/hatch),2,0,0,0,0,12,December,Summer,Saturday,10:00 - 11:59,Midday / afternoon,False,False,False,False
1375923,Non-casualty (towaway),Non-casualty (towaway),2024,2024,December,Friday,06:00 - 07:59,MT OUSLEY,RD,5000,North,PICTON,RD,BULLI,513.0,No,Not a school zone,Divided road,-34.331235,150.878052,Wollongong,Wollongong met. area,Syd-Newc-Woll Gtr conurbation,Straight,Steep grade,,,Nil,Sealed,Dry,Fine,Dawn,Nil,No traffic controls,100 km/h,State,34,Lane change right,306,Same - Lane change right,,Other angle,Light truck utility(from 2018),Light truck utility(from 2018),2,0,0,0,0,12,December,Summer,Friday,06:00 - 07:59,AM peak / school commute,True,False,False,False
1375949,Non-casualty (towaway),Non-casualty (towaway),2024,2024,October,Thursday,18:00 - 19:59,THE HORSLEY,DR,0,Right on the spot,MITCHELL,ST,CARRAMAR,609.0,No,Not a school zone,X-intersection,-33.880536,150.966509,Fairfield,Sydney metro. area,Syd-Newc-Woll Gtr conurbation,Straight,,,,Nil,Sealed,Dry,Unknown,Daylight,On,No traffic controls,60 km/h,State,21,Right through,202,Opp - Right-thru,,Other angle,Light truck utility(from 2018),Car (sedan/hatch),2,0,0,0,0,10,October,Spring,Thursday,18:00 - 19:59,PM peak / evening commute,True,False,False,False
1375980,Non-casualty (towaway),Non-casualty (towaway),2024,2024,December,Tuesday,18:00 - 19:59,MORETON,ST,20,South,GILLIES,ST,LAKEMBA,,No,Not a school zone,Divided road,-33.920827,151.08338,Canterbury-Bankstown,Sydney metro. area,Syd-Newc-Woll Gtr conurbation,Straight,,,,On,Sealed,Dry,Fine,Daylight,Nil,No traffic controls,50 km/h,Local,71,Off rd left => obj,703,Left off cway into object,,Other angle,Unknown type,Car (sedan/hatch),2,0,0,0,0,12,December,Summer,Tuesday,18:00 - 19:59,PM peak / evening commute,True,False,False,False
1376011,Non-casualty (towaway),Non-casualty (towaway),2024,2024,December,Saturday,10:00 - 11:59,ARNCLIFFE,ST,100,North,ALLEN,ST,WOLLI CREEK,,No,Not a school zone,2-way undivided,-33.933013,151.149444,Bayside,Sydney metro. area,Syd-Newc-Woll Gtr conurbation,Straight,,,,Nil,Sealed,Dry,Fine,Daylight,Nil,No traffic controls,50 km/h,Local,73,Off rd rght => obj,704,Right off cway into obj,,Other angle,Car (sedan/hatch),Car (sedan/hatch),4,0,0,0,0,12,December,Summer,Saturday,10:00 - 11:59,Midday / afternoon,False,False,False,False
1376030,Non-casualty (towaway),Non-casualty (towaway),2024,2024,November,Friday,20:00 - 21:59,MAIN,RD,300,West,CROSS,ST,TOUKLEY,509.0,No,Not a school zone,2-way undivided,-33.262549,151.528701,Central Coast,Country urban,Syd-Newc-Woll Gtr conurbation,Straight,,,,On,Sealed,Dry,Fine,Darkness,Nil,No traffic controls,50 km/h,State,71,Off rd left => obj,703,Left off cway into object,,Other angle,Light truck utility(from 2018),Car (sedan/hatch),3,0,0,0,0,11,November,Spring,Friday,20:00 - 21:59,Evening / night,False,False,False,False
1376032,Non-casualty (towaway),Non-casualty (towaway),2024,2024,November,Thursday,06:00 - 07:59,SCHEYVILLE,RD,0,Right on the spot,NUMBER 23,HN,OAKVILLE,7140.0,No,Not a school zone,2-way undivided,-33.607432,150.866792,Hawkesbury,Country urban,Syd-Newc-Woll Gtr conurbation,Curved,Steep grade,,,Nil,Sealed,Dry,Fine,Daylight,Nil,No traffic controls,70 km/h,Regional,85,Off rt/lft bnd=>obj,804,Off left bend into obj,Right,Vehicle - Object,Large rigid,,1,0,0,0,0,11,November,Spring,Thursday,06:00 - 07:59,AM peak / school commute,True,False,False,False
1376067,Non-casualty (towaway),Non-casualty (towaway),2024,2024,December,Sunday,00:01 - 01:59,EDGEWORTH,AVE,0,Right on the spot,NUMBER 34,HN,KANAHOOKA,,No,Not a school zone,2-way undivided,-34.49757,150.819629,Wollongong,Wollongong met. area,Syd-Newc-Woll Gtr conurbation,Straight,Steep grade,,,On,Sealed,Dry,Fine,Darkness,Nil,No traffic controls,50 km/h,Local,71,Off rd left => obj,703,Left off cway into object,,Other angle,Car (sedan/hatch),Light truck,2,0,0,0,0,12,December,Summer,Sunday,00:01 - 01:59,Late night / early morning,False,False,False,False
1376106,Non-casualty (towaway),Non-casualty (towaway),2024,2024,December,Sunday,14:00 - 15:59,GRAMOPHONE,LANE,0,Right on the spot,NIPPER,ST,HOMEBUSH,,No,Not a school zone,T-junction,-33.866132,151.088835,Strathfield,Sydney metro. area,Syd-Newc-Woll Gtr conurbation,Straight,,,,Off,Sealed,Dry,Fine,Daylight,Nil,Give way sign,50 km/h,Local,13,Right near,104,Adj - Right-thru from right,,Right angle,Light truck utility(from 2018),Car (sedan/hatch),2,0,0,0,0,12,December,Summer,Sunday,14:00 - 15:59,Midday / afternoon,False,False,False,False
1376115,Non-casualty (towaway),Non-casualty (towaway),2024,2024,December,Sunday,08:00 - 09:59,BURRAGORANG,RD,0,Right on the spot,WESTBROOK,RD,MOUNT HUNTER,259.0,Yes,No,T-junction,-34.071172,150.636894,Wollondilly,Country urban,Syd-Newc-Woll Gtr conurbation,Straight,,,,Nil,Sealed,Dry,Fine,Daylight,Nil,Give way sign,60 km/h,Regional,73,Off rd rght => obj,704,Right off cway into obj,,Vehicle - Object,Light truck utility(from 2018),,1,0,0,0,0,12,December,Summer,Sunday,08:00 - 09:59,AM peak / school commute,True,False,False,False
1376218,Non-casualty (towaway),Non-casualty (towaway),2024,2024,October,Wednesday,16:00 - 17:59,BEAMISH,ST,0,Right on the spot,NUMBER 168,HN,CAMPSIE,2014.0,No,Not a school zone,2-way undivided,-33.909685,151.10351,Canterbury-Bankstown,Sydney metro. area,Syd-Newc-Woll Gtr conurbation,Straight,Foot/cycle path/nature strip,,,Off,Sealed,Dry,Fine,Daylight,Nil,No traffic controls,40 km/h,Regional,93,Pkd veh runaway=>obj,906,Parked vehicle ran away,,Vehicle - Object,Other bus,,1,0,0,0,0,10,October,Spring,Wednesday,16:00 - 17:59,PM peak / evening commute,True,False,False,False
1376236,Non-casualty (towaway),Non-casualty (towaway),2024,2024,December,Sunday,02:00 - 03:59,LIVERPOOL,ST,0,Right on the spot,SMITH,ST,COWRA,,No,Not a school zone,T-junction,-33.83164,148.684717,Cowra,Country urban,Rest of NSW - Urban,Straight,,,,Off,Sealed,Dry,Fine,Darkness,Nil,Give way sign,50 km/h,Local,80,Off left/right bend,707,Right turn,Left,Rollover,Car (sedan/hatch),,1,0,0,0,0,12,December,Summer,Sunday,02:00 - 03:59,Late night / early morning,False,False,False,False
1376405,Non-casualty (towaway),Non-casualty (towaway),2024,2024,December,Tuesday,00:01 - 01:59,ROPES CROSSING,BVD,60,North,FORRESTER,RD,ST MARYS,,No,Not a school zone,Divided road,-33.742924,150.778116,Penrith,Sydney metro. area,Syd-Newc-Woll Gtr conurbation,Curved,,,,On,Sealed,Dry,Fine,Darkness,Nil,No traffic controls,50 km/h,Local,83,Off rt/rt bnd=>obj,803,Off right bend into obj,Right,Vehicle - Object,Car (sedan/hatch),,1,0,0,0,0,12,December,Summer,Tuesday,00:01 - 01:59,Late night / early morning,False,False,False,False
1376833,Non-casualty (towaway),Non-casualty (towaway),2024,2024,October,Tuesday,14:00 - 15:59,TARALGA,RD,0,Right on the spot,NUMBER 3307,HN,MYRTLEVILLE,256.0,No,Not a school zone,2-way undivided,-34.486781,149.821905,Upper Lachlan,Country non-urban,Rest of NSW - Rural,Straight,Driveway/entrance,,,Nil,Sealed,Dry,Fine,Daylight,Nil,No traffic controls,100 km/h,Regional,53,Overtake turning,506,Ovtak - Overtaking right turn,,Other angle,Semi-trailer,Car (sedan/hatch),2,0,0,0,0,10,October,Spring,Tuesday,14:00 - 15:59,Midday / afternoon,False,False,False,False
1376846,Non-casualty (towaway),Non-casualty (towaway),2024,2024,November,Wednesday,16:00 - 17:59,NEW ENGLAND,HWY,50,East,NEW ENGLAND,HWY,BRANXTON,9.0,No,Not a school zone,2-way undivided,-32.66302,151.369321,Cessnock,Country urban,Rest of NSW - Urban,Curved,Embankment/cutting,,,Off,Sealed,Wet,Raining,Dusk,Nil,No traffic controls,80 km/h,State,81,Off left/rt bnd=>obj,803,Off right bend into obj,Left,Vehicle - Object,Large rigid,,1,0,0,0,0,11,November,Spring,Wednesday,16:00 - 17:59,PM peak / evening commute,True,False,False,False
1376850,Non-casualty (towaway),Non-casualty (towaway),2024,2024,October,Wednesday,10:00 - 11:59,ALISON,RD,50,West,DARLEY,RD,RANDWICK,327.0,No,Not a school zone,Divided road,-33.906051,151.230619,Randwick,Sydney metro. area,Syd-Newc-Woll Gtr conurbation,Straight,,,,Nil,Sealed,Dry,Fine,Daylight,Nil,No traffic controls,60 km/h,State,30,Rear end,301,Same - Rear end,,Rear end,Unknown motor vehicle,Car (sedan/hatch),5,0,0,0,0,10,October,Spring,Wednesday,10:00 - 11:59,Midday / afternoon,False,False,False,False
1376859,Non-casualty (towaway),Non-casualty (towaway),2024,2024,September,Sunday,02:00 - 03:59,HUNTER,ST,65,West,CROWN,ST,NEWCASTLE,697.0,No,Not a school zone,Divided road,-32.926505,151.776225,Newcastle,Newcastle met. area,Syd-Newc-Woll Gtr conurbation,Straight,,,,On,Sealed,Dry,Fine,Darkness,Nil,No traffic controls,40 km/h,State,71,Off rd left => obj,703,Left off cway into object,,Other angle,Station wagon,Car (sedan/hatch),2,0,0,0,0,9,September,Spring,Sunday,02:00 - 03:59,Late night / early morning,False,False,False,False
1377021,Non-casualty (towaway),Non-casualty (towaway),2024,2024,November,Thursday,10:00 - 11:59,SMITH,ST,15,West,EASTERN VALLEY,WAY,CHATSWOOD,,No,Not a school zone,2-way undivided,-33.785828,151.200928,Willoughby,Sydney metro. area,Syd-Newc-Woll Gtr conurbation,Straight,,Previous crash,,Off,Sealed,Dry,Fine,Daylight,Nil,No traffic controls,50 km/h,Local,62,Accident,603,On path - Previous accident,,Other angle,Large rigid,Car (sedan/hatch),2,0,0,0,0,11,November,Spring,Thursday,10:00 - 11:59,Midday / afternoon,False,False,False,False
1377027,Non-casualty (towaway),Non-casualty (towaway),2024,2024,November,Saturday,04:00 - 05:59,KENT,ST,50,North,CLIFF,RD,EPPING,,No,Not a school zone,2-way undivided,-33.770707,151.075237,Parramatta,Sydney metro. area,Syd-Newc-Woll Gtr conurbation,Straight,,,,On,Sealed,Dry,Fine,Darkness,Nil,No traffic controls,50 km/h,Local,73,Off rd rght => obj,704,Right off cway into obj,,Other angle,Car (sedan/hatch),4 wheel drive / SUV,2,0,0,0,0,11,November,Spring,Saturday,04:00 - 05:59,Late night / early morning,False,False,False,False
1377043,Non-casualty (towaway),Non-casualty (towaway),2024,2024,November,Saturday,10:00 - 11:59,PAYTEN,AVE,0,Right on the spot,NUMBER 118,HN,ROSELANDS,,No,Not a school zone,2-way undivided,-33.934953,151.063485,Canterbury-Bankstown,Sydney metro. area,Syd-Newc-Woll Gtr conurbation,Straight,,,,On,Sealed,Dry,Fine,Daylight,Nil,No traffic controls,50 km/h,Local,71,Off rd left => obj,703,Left off cway into object,,Other angle,Light truck utility(from 2018),Car (sedan/hatch),3,0,0,0,0,11,November,Spring,Saturday,10:00 - 11:59,Midday / afternoon,False,False,False,False