crash_id,degree_of_crash,degree_of_crash_-_detailed,reporting_year,year_of_crash,month_of_crash,day_of_week_of_crash,two-hour_intervals,street_of_crash,street_type,distance,direction,identifying_feature,identifying_feature_type,town,route_no.,school_zone_location,school_zone_active,type_of_location,latitude,longitude,lga,urbanisation,conurbation_1,alignment,primary_permanent_feature,primary_temporary_feature,primary_hazardous_feature,street_lighting,road_surface,surface_condition,weather,natural_lighting,signals_operation,other_traffic_control,speed_limit,road_classification_(admin),rum_-_code,rum_-_description,dca_-_code,dca_-_description,dca_supplement,first_impact_type,key_tu_type,other_tu_type,no._of_traffic_units_involved,no._killed,no._seriously_injured,no._moderately_injured,no._minor-other_injured,month_num,month_label,season,day_label,time_label,time_band,is_peak_commute,is_fatal,is_injury,is_casualty
1377052,Non-casualty (towaway),Non-casualty (towaway),2024,2024,December,Tuesday,04:00 - 05:59,BOUNDARY,ST,0,Right on the spot,MORT,ST,VALE OF CLWYDD,,No,Not a school zone,Multiple intersection,-33.47943,150.171437,Lithgow,Country urban,Rest of NSW - Urban,Curved,,,,On,Sealed,Dry,Fine,Darkness,Nil,Give way sign,50 km/h,Local,85,Off rt/lft bnd=>obj,804,Off left bend into obj,Right,Vehicle - Object,Car (sedan/hatch),,1,0,0,0,0,12,December,Summer,Tuesday,04:00 - 05:59,Late night / early morning,False,False,False,False
1377056,Non-casualty (towaway),Non-casualty (towaway),2024,2024,November,Wednesday,14:00 - 15:59,HOLBORN,CCT,60,North,GREGORY HILLS,DR,GLEDSWOOD HILLS,,No,Not a school zone,2-way undivided,-34.020681,150.764029,Camden,Sydney metro. area,Syd-Newc-Woll Gtr conurbation,Straight,Driveway/entrance,,,Nil,Sealed,Dry,Fine,Daylight,Nil,No traffic controls,50 km/h,Local,47,Emerging from drive,406,Manov - Emerging from driveway,,Right angle,4 wheel drive / SUV,Car (sedan/hatch),2,0,0,0,0,11,November,Spring,Wednesday,14:00 - 15:59,Midday / afternoon,False,False,False,False
1377111,Non-casualty (towaway),Non-casualty (towaway),2024,2024,September,Monday,20:00 - 21:59,NEWLEAF,PDE,0,Right on the spot,SATINWOOD,CRES,BONNYRIGG,,No,Not a school zone,T-junction,-33.890501,150.894707,Fairfield,Sydney metro. area,Syd-Newc-Woll Gtr conurbation,Straight,,,,Nil,Sealed,Dry,Fine,Darkness,Nil,Give way sign,50 km/h,Local,45,Reversing,404,Manov - Reverse in traffic,,Other angle,Unknown motor vehicle,Car (sedan/hatch),2,0,0,0,0,9,September,Spring,Monday,20:00 - 21:59,Evening / night,False,False,False,False
1377116,Non-casualty (towaway),Non-casualty (towaway),2024,2024,November,Sunday,12:00 - 13:59,DEVLIN,RD,0,Right on the spot,FIRE TRAIL,RD,CASTLEREAGH,,No,Not a school zone,T-junction,-33.661903,150.701881,Penrith,Sydney metro. area,Syd-Newc-Woll Gtr conurbation,Straight,Ditch/drain/culvert,,,Nil,Sealed,Dry,Fine,Daylight,Nil,No traffic controls,60 km/h,Local,16,Left near,107,Adj - Left-thru from right,,Right angle,Utility,Unknown motor vehicle,2,0,0,0,0,11,November,Spring,Sunday,12:00 - 13:59,Midday / afternoon,False,False,False,False
1377123,Non-casualty (towaway),Non-casualty (towaway),2024,2024,November,Thursday,18:00 - 19:59,GRIFFIN,RD,50,South,ABBOTT,RD,NORTH CURL CURL,2102.0,No,Not a school zone,2-way undivided,-33.765169,151.294979,Northern Beaches,Sydney metro. area,Syd-Newc-Woll Gtr conurbation,Straight,Bus stop,,,Nil,Sealed,Wet,Raining,Dusk,Nil,No traffic controls,50 km/h,Regional,42,Leaving parking,401,Manov - Leaving parking,,Other angle,Other bus,Car (sedan/hatch),3,0,0,0,0,11,November,Spring,Thursday,18:00 - 19:59,PM peak / evening commute,True,False,False,False
1377128,Non-casualty (towaway),Non-casualty (towaway),2024,2024,October,Thursday,22:00 - Midnight,LOVEDALE,RD,400,North,MAJORS,LANE,LOVEDALE,4057.0,No,Not a school zone,2-way undivided,-32.745591,151.387992,Cessnock,Country urban,Rest of NSW - Urban,Straight,,,,Nil,Sealed,Dry,Fine,Darkness,Nil,No traffic controls,80 km/h,Regional,71,Off rd left => obj,703,Left off cway into object,,Vehicle - Object,Light truck utility(from 2018),,1,0,0,0,0,10,October,Spring,Thursday,22:00 - Midnight,Evening / night,False,False,False,False
1377132,Non-casualty (towaway),Non-casualty (towaway),2024,2024,November,Thursday,18:00 - 19:59,BUNGARRIBEE,RD,0,Right on the spot,PATRICK,ST,BLACKTOWN,643.0,No,Not a school zone,T-junction,-33.777033,150.904018,Blacktown,Sydney metro. area,Syd-Newc-Woll Gtr conurbation,Straight,,,,Off,Sealed,Dry,Fine,Daylight,Nil,No traffic controls,60 km/h,State,11,Right far,102,Adj - Right-thru from left,,Right angle,Car (sedan/hatch),Car (sedan/hatch),2,0,0,0,0,11,November,Spring,Thursday,18:00 - 19:59,PM peak / evening commute,True,False,False,False
1377152,Non-casualty (towaway),Non-casualty (towaway),2024,2024,December,Tuesday,12:00 - 13:59,FIFTH,AVE,0,Right on the spot,SEVENTH,AVE,CAMPSIE,7067.0,No,Not a school zone,X-intersection,-33.904825,151.099697,Canterbury-Bankstown,Sydney metro. area,Syd-Newc-Woll Gtr conurbation,Straight,,,,Nil,Sealed,Dry,Fine,Daylight,On,No traffic controls,50 km/h,Regional,11,Right far,102,Adj - Right-thru from left,,Right angle,Car (sedan/hatch),Car (sedan/hatch),2,0,0,0,0,12,December,Summer,Tuesday,12:00 - 13:59,Midday / afternoon,False,False,False,False
1377313,Non-casualty (towaway),Non-casualty (towaway),2024,2024,November,Friday,20:00 - 21:59,BYLONG VALLEY,WAY,800,West,MT DANGAR,RD,BAERAMI,208.0,No,Not a school zone,2-way undivided,-32.390238,150.516128,Muswellbrook,Country non-urban,Rest of NSW - Rural,Straight,,,,Nil,Sealed,Wet,Raining,Darkness,Nil,No traffic controls,100 km/h,Regional,71,Off rd left => obj,703,Left off cway into object,,Vehicle - Object,Car (sedan/hatch),,1,0,0,0,0,11,November,Spring,Friday,20:00 - 21:59,Evening / night,False,False,False,False
1377343,Non-casualty (towaway),Non-casualty (towaway),2024,2024,December,Saturday,02:00 - 03:59,JOHN OXLEY,DR,0,Right on the spot,NUMBER 52,HN,FRENCHS FOREST,,No,Not a school zone,2-way undivided,-33.74952,151.206427,Northern Beaches,Sydney metro. area,Syd-Newc-Woll Gtr conurbation,Curved,Steep grade,,,On,Sealed,Dry,Fine,Darkness,Nil,No traffic controls,50 km/h,Local,85,Off rt/lft bnd=>obj,804,Off left bend into obj,Right,Other angle,4 wheel drive / SUV,Car (sedan/hatch),3,0,0,0,0,12,December,Summer,Saturday,02:00 - 03:59,Late night / early morning,False,False,False,False
1377359,Non-casualty (towaway),Non-casualty (towaway),2024,2024,December,Sunday,06:00 - 07:59,COBB,HWY,815,South,SHAW,ST,MOAMA,21.0,No,Not a school zone,2-way undivided,-36.121783,144.753561,Murray River,Country urban,Rest of NSW - Urban,Straight,Other bridge,,,Off,Sealed,Dry,Fine,Daylight,Nil,No traffic controls,60 km/h,State,73,Off rd rght => obj,704,Right off cway into obj,,Vehicle - Object,Light truck utility(from 2018),,1,0,0,0,0,12,December,Summer,Sunday,06:00 - 07:59,AM peak / school commute,True,False,False,False
1377380,Non-casualty (towaway),Non-casualty (towaway),2024,2024,August,Wednesday,06:00 - 07:59,PANORAMA,PDE,40,North,BUNGARRIBEE,RD,BLACKTOWN,,No,Not a school zone,2-way undivided,-33.778424,150.914296,Blacktown,Sydney metro. area,Syd-Newc-Woll Gtr conurbation,Straight,Steep grade,,,Nil,Sealed,Dry,Fine,Daylight,Nil,No traffic controls,50 km/h,Local,49,Other manoeuvring,400,Manov - other,,Other angle,Unknown motor vehicle,Car (sedan/hatch),2,0,0,0,0,8,August,Winter,Wednesday,06:00 - 07:59,AM peak / school commute,True,False,False,False
1377382,Non-casualty (towaway),Non-casualty (towaway),2024,2024,November,Monday,22:00 - Midnight,ELIZABETH,ST,0,Right on the spot,THE HORSLEY,DR,WETHERILL PARK,609.0,No,Not a school zone,T-junction,-33.851021,150.899145,Fairfield,Sydney metro. area,Syd-Newc-Woll Gtr conurbation,Straight,,,,On,Sealed,Dry,Fine,Darkness,On,No traffic controls,70 km/h,State,35,Lane change left,307,Same - Lane change left,,Other angle,Unknown motor vehicle,Car (sedan/hatch),2,0,0,0,0,11,November,Spring,Monday,22:00 - Midnight,Evening / night,False,False,False,False
1377396,Non-casualty (towaway),Non-casualty (towaway),2024,2024,November,Saturday,16:00 - 17:59,CASTLEREAGH,HWY,0,Right on the spot,WEATHERLEYS,BDGE,AARONS PASS,18.0,No,Not a school zone,2-way undivided,-32.911871,149.84045,Mid-Western Regional,Country urban,Rest of NSW - Urban,Straight,Other bridge,Previous crash,,Nil,Sealed,Dry,Fine,Daylight,Nil,Stop sign,40 km/h,State,30,Rear end,301,Same - Rear end,,Rear end,Car (sedan/hatch),Passenger van,2,0,0,0,0,11,November,Spring,Saturday,16:00 - 17:59,PM peak / evening commute,True,False,False,False
1377403,Non-casualty (towaway),Non-casualty (towaway),2024,2024,October,Saturday,22:00 - Midnight,PACIFIC,HWY,500,North,CROKI,RD,JONES ISLAND,10.0,No,Not a school zone,2-way undivided,-31.866505,152.593237,Mid-Coast,Country non-urban,Rest of NSW - Rural,Curved,,,,Nil,Sealed,Dry,Fine,Darkness,Nil,No traffic controls,100 km/h,State,66,Object on road,607,On path - Hit temp object,,Vehicle - Object,Light truck utility(from 2018),,1,0,0,0,0,10,October,Spring,Saturday,22:00 - Midnight,Evening / night,False,False,False,False
1377404,Non-casualty (towaway),Non-casualty (towaway),2024,2024,December,Monday,14:00 - 15:59,CROSS,ST,20,West,BOSCAWEN,ST,WALLSEND,,No,Not a school zone,2-way undivided,-32.89956,151.669118,Newcastle,Newcastle met. area,Syd-Newc-Woll Gtr conurbation,Straight,,,,Off,Sealed,Dry,Fine,Daylight,Nil,No traffic controls,50 km/h,Local,73,Off rd rght => obj,704,Right off cway into obj,,Other angle,Car (sedan/hatch),Car (sedan/hatch),2,0,0,0,0,12,December,Summer,Monday,14:00 - 15:59,Midday / afternoon,False,False,False,False
1377419,Non-casualty (towaway),Non-casualty (towaway),2024,2024,November,Thursday,08:00 - 09:59,EUGOWRA,RD,60,North,KELLY,RD,PARKES,238.0,No,Not a school zone,2-way undivided,-33.148904,148.196233,Parkes,Country urban,Rest of NSW - Urban,Curved,Steep grade,,,Unknown / not stated,Sealed,Dry,Fine,Daylight,Nil,No traffic controls,70 km/h,Regional,88,Out of cont on bend,805,Out of control on bend,,Rollover,B-double (road train prior 98),,1,0,0,0,0,11,November,Spring,Thursday,08:00 - 09:59,AM peak / school commute,True,False,False,False
1377488,Non-casualty (towaway),Non-casualty (towaway),2024,2024,December,Friday,08:00 - 09:59,ELIZABETH,ST,0,Right on the spot,NUMBER 1,HN,SYDNEY,,No,Not a school zone,2-way undivided,-33.866701,151.210696,Sydney,Sydney metro. area,Syd-Newc-Woll Gtr conurbation,Straight,,,,Unknown / not stated,Sealed,Dry,Fine,Daylight,Nil,No traffic controls,40 km/h,Local,34,Lane change right,306,Same - Lane change right,,Other angle,Light truck,Car (sedan/hatch),2,0,0,0,0,12,December,Summer,Friday,08:00 - 09:59,AM peak / school commute,True,False,False,False
1377524,Non-casualty (towaway),Non-casualty (towaway),2024,2024,December,Thursday,16:00 - 17:59,PENNANT,ST,999999,Unknown/not stated,UNKNOWN,UK,CASTLE HILL,672.0,No,Not a school zone,Divided road,-33.729669,151.005507,The Hills,Sydney metro. area,Syd-Newc-Woll Gtr conurbation,Straight,,,,Unknown / not stated,Sealed,Dry,Fine,Daylight,Nil,No traffic controls,60 km/h,State,39,Other same direction,300,Same - other,,Other angle,Station wagon,4 wheel drive / SUV,2,0,0,0,0,12,December,Summer,Thursday,16:00 - 17:59,PM peak / evening commute,True,False,False,False
1377528,Non-casualty (towaway),Non-casualty (towaway),2024,2024,December,Monday,10:00 - 11:59,OLD CASTLE HILL,RD,69,South,GILHAM,ST,CASTLE HILL,,No,Not a school zone,2-way undivided,-33.727661,151.008957,The Hills,Sydney metro. area,Syd-Newc-Woll Gtr conurbation,Straight,,,,Unknown / not stated,Sealed,Dry,Overcast,Daylight,Nil,No traffic controls,50 km/h,Local,71,Off rd left => obj,703,Left off cway into object,,Other angle,4 wheel drive / SUV,Car (sedan/hatch),3,0,0,0,0,12,December,Summer,Monday,10:00 - 11:59,Midday / afternoon,False,False,False,False
1377547,Non-casualty (towaway),Non-casualty (towaway),2024,2024,November,Friday,08:00 - 09:59,JUNCTION,RD,120,South,STROMLO,PL,RUSE,7190.0,Yes,No,2-way undivided,-34.067267,150.842638,Campbelltown,Sydney metro. area,Syd-Newc-Woll Gtr conurbation,Straight,,,,Unknown / not stated,Sealed,Dry,Fine,Daylight,Nil,Ped crossing,60 km/h,Regional,30,Rear end,301,Same - Rear end,,Rear end,Car (sedan/hatch),4 wheel drive / SUV,2,0,0,0,0,11,November,Spring,Friday,08:00 - 09:59,AM peak / school commute,True,False,False,False
1377563,Non-casualty (towaway),Non-casualty (towaway),2024,2024,October,Thursday,20:00 - 21:59,WARKWORTH,ST,0,Right on the spot,NUMBER 24,HN,MARYLAND,,No,Not a school zone,2-way undivided,-32.882872,151.65493,Newcastle,Newcastle met. area,Syd-Newc-Woll Gtr conurbation,Curved,,,,Unknown / not stated,Sealed,Dry,Fine,Darkness,Nil,No traffic controls,50 km/h,Local,81,Off left/rt bnd=>obj,803,Off right bend into obj,Left,Other angle,4 wheel drive / SUV,Car (sedan/hatch),2,0,0,0,0,10,October,Spring,Thursday,20:00 - 21:59,Evening / night,False,False,False,False
1377568,Non-casualty (towaway),Non-casualty (towaway),2024,2024,December,Wednesday,12:00 - 13:59,BACON,ST,0,Right on the spot,TURF,ST,GRAFTON,,No,Not a school zone,X-intersection,-29.682367,152.92742,Clarence Valley,Country urban,Rest of NSW - Urban,Straight,,,,Unknown / not stated,Sealed,Dry,Overcast,Daylight,Nil,Stop sign,50 km/h,Local,10,Cross traffic,101,Adj - Cross traffic,,Right angle,Station wagon,Passenger van,3,0,0,0,0,12,December,Summer,Wednesday,12:00 - 13:59,Midday / afternoon,False,False,False,False
1377591,Non-casualty (towaway),Non-casualty (towaway),2024,2024,December,Tuesday,14:00 - 15:59,BURLINGTON,AVE,0,Right on the spot,NUMBER 21,HN,EARLWOOD,,No,Not a school zone,2-way undivided,-33.917558,151.122415,Canterbury-Bankstown,Sydney metro. area,Syd-Newc-Woll Gtr conurbation,Straight,,,,Unknown / not stated,Sealed,Dry,Fine,Daylight,Nil,No traffic controls,50 km/h,Local,49,Other manoeuvring,400,Manov - other,,Other angle,Light truck,Light truck,2,0,0,0,0,12,December,Summer,Tuesday,14:00 - 15:59,Midday / afternoon,False,False,False,False
1377596,Non-casualty (towaway),Non-casualty (towaway),2024,2024,December,Thursday,20:00 - 21:59,MULGOA,RD,0,Right on the spot,WESTERN,EXP,JAMISONTOWN,155.0,No,Not a school zone,T-junction,-33.77264,150.67097,Penrith,Sydney metro. area,Syd-Newc-Woll Gtr conurbation,Straight,,,,Unknown / not stated,Sealed,Dry,Fine,Darkness,On,No traffic controls,60 km/h,State,32,Right rear,303,Same - Rear right,,Rear end,Light truck utility(from 2018),4 wheel drive / SUV,2,0,0,0,0,12,December,Summer,Thursday,20:00 - 21:59,Evening / night,False,False,False,False
1377616,Non-casualty (towaway),Non-casualty (towaway),2024,2024,December,Sunday,10:00 - 11:59,BURKE,RD,0,Right on the spot,TRUMAN,AVE,DAPTO,,No,Not a school zone,T-junction,-34.510768,150.787227,Wollongong,Wollongong met. area,Syd-Newc-Woll Gtr conurbation,Straight,Steep grade,,,Unknown / not stated,Sealed,Dry,Overcast,Daylight,Nil,No traffic controls,50 km/h,Local,11,Right far,102,Adj - Right-thru from left,,Right angle,Light truck utility(from 2018),4 wheel drive / SUV,2,0,0,0,0,12,December,Summer,Sunday,10:00 - 11:59,Midday / afternoon,False,False,False,False
1377622,Non-casualty (towaway),Non-casualty (towaway),2024,2024,December,Saturday,14:00 - 15:59,OLD CANTERBURY,RD,0,Right on the spot,NUMBER 41,HN,LEWISHAM,652.0,No,Not a school zone,2-way undivided,-33.892021,151.14614,Inner West,Sydney metro. area,Syd-Newc-Woll Gtr conurbation,Straight,,,,Unknown / not stated,Sealed,Wet,Raining,Daylight,Nil,No traffic controls,50 km/h,State,30,Rear end,301,Same - Rear end,,Rear end,Car (sedan/hatch),4 wheel drive / SUV,2,0,0,0,0,12,December,Summer,Saturday,14:00 - 15:59,Midday / afternoon,False,False,False,False
1377634,Non-casualty (towaway),Non-casualty (towaway),2024,2024,October,Sunday,12:00 - 13:59,NEWCASTLE,EXP,400,North,ALISON ROAD,OP,WYONG,6003.0,No,Not a school zone,Dual freeway,-33.272188,151.405576,Central Coast,Country non-urban,Syd-Newc-Woll Gtr conurbation,Straight,,,,Nil,Sealed,Dry,Fine,Daylight,Nil,No traffic controls,110 km/h,State,30,Rear end,301,Same - Rear end,,Rear end,4 wheel drive / SUV,Car (sedan/hatch),2,0,0,0,0,10,October,Spring,Sunday,12:00 - 13:59,Midday / afternoon,False,False,False,False
1377663,Non-casualty (towaway),Non-casualty (towaway),2024,2024,November,Friday,22:00 - Midnight,FULLERS,RD,0,Right on the spot,GRANGE,RD,GLENHAVEN,,No,Not a school zone,Roundabout,-33.706706,151.006147,The Hills,Sydney metro. area,Syd-Newc-Woll Gtr conurbation,Curved,,,,Off,Sealed,Dry,Fine,Darkness,Nil,Give way sign,50 km/h,Local,75,Off end of road,709,Off end cway or T junct,,Vehicle - Object,Car (sedan/hatch),,1,0,0,0,0,11,November,Spring,Friday,22:00 - Midnight,Evening / night,False,False,False,False
1378069,Non-casualty (towaway),Non-casualty (towaway),2024,2024,December,Sunday,06:00 - 07:59,WARBY,ST,0,Right on the spot,NUMBER 24,HN,CAMPBELLTOWN,,No,Not a school zone,2-way undivided,-34.062747,150.82083,Campbelltown,Sydney metro. area,Syd-Newc-Woll Gtr conurbation,Straight,,,,Nil,Sealed,Dry,Fine,Daylight,Nil,No traffic controls,50 km/h,Local,73,Off rd rght => obj,704,Right off cway into obj,,Other angle,4 wheel drive / SUV,4 wheel drive / SUV,3,0,0,0,0,12,December,Summer,Sunday,06:00 - 07:59,AM peak / school commute,True,False,False,False
1378126,Non-casualty (towaway),Non-casualty (towaway),2024,2024,November,Friday,08:00 - 09:59,SYDENHAM,RD,20,East,SHIRLOW,ST,MARRICKVILLE,664.0,No,Not a school zone,1-way street,-33.912696,151.166129,Inner West,Sydney metro. area,Syd-Newc-Woll Gtr conurbation,Straight,,,,Off,Sealed,Dry,Fine,Daylight,Nil,No traffic controls,50 km/h,State,71,Off rd left => obj,703,Left off cway into object,,Other angle,Other bus,Car (sedan/hatch),2,0,0,0,0,11,November,Spring,Friday,08:00 - 09:59,AM peak / school commute,True,False,False,False
1378144,Non-casualty (towaway),Non-casualty (towaway),2024,2024,December,Thursday,14:00 - 15:59,KALESKI,ST,50,South,CHURCH,RD,MOOREBANK,,No,Not a school zone,2-way undivided,-33.936301,150.930906,Liverpool,Sydney metro. area,Syd-Newc-Woll Gtr conurbation,Straight,,,,Nil,Sealed,Dry,Fine,Daylight,Nil,No traffic controls,50 km/h,Local,71,Off rd left => obj,703,Left off cway into object,,Other angle,Semi-trailer,Car (sedan/hatch),2,0,0,0,0,12,December,Summer,Thursday,14:00 - 15:59,Midday / afternoon,False,False,False,False
1378491,Non-casualty (towaway),Non-casualty (towaway),2024,2024,November,Monday,16:00 - 17:59,GREAT WESTERN,HWY,0,Right on the spot,DELHI,ST,LIDCOMBE,5.0,No,Not a school zone,T-junction,-33.851258,151.054551,Cumberland,Sydney metro. area,Syd-Newc-Woll Gtr conurbation,Straight,,,,Nil,Sealed,Dry,Fine,Daylight,Nil,No traffic controls,60 km/h,State,71,Off rd left => obj,703,Left off cway into object,,Vehicle - Object,Car (sedan/hatch),,1,0,0,0,0,11,November,Spring,Monday,16:00 - 17:59,PM peak / evening commute,True,False,False,False
1378494,Non-casualty (towaway),Non-casualty (towaway),2024,2024,December,Tuesday,14:00 - 15:59,WOODVILLE,RD,0,Right on the spot,TANGERINE,ST,FAIRFIELD EAST,640.0,No,Not a school zone,T-junction,-33.877248,150.98048,Fairfield,Sydney metro. area,Syd-Newc-Woll Gtr conurbation,Straight,,,,Off,Sealed,Dry,Fine,Daylight,On,No traffic controls,70 km/h,State,34,Lane change right,306,Same - Lane change right,,Other angle,Light truck,Large rigid,2,0,0,0,0,12,December,Summer,Tuesday,14:00 - 15:59,Midday / afternoon,False,False,False,False
1378510,Non-casualty (towaway),Non-casualty (towaway),2024,2024,December,Tuesday,22:00 - Midnight,MORRIS,RD,350,North,RIFLE RANGE,RD,LAKE WYANGAN,,No,Not a school zone,2-way undivided,-34.235741,146.058933,Griffith,Country urban,Rest of NSW - Urban,Curved,Ditch/drain/culvert,,,Nil,Unsealed,Dry,Fine,Darkness,Nil,No traffic controls,50 km/h,Local,84,Off right/left bend,802,Off cway left bend,Right,Rollover,Car (sedan/hatch),,1,0,0,0,0,12,December,Summer,Tuesday,22:00 - Midnight,Evening / night,False,False,False,False
1378524,Non-casualty (towaway),Non-casualty (towaway),2024,2024,December,Sunday,22:00 - Midnight,ROCKY POINT,RD,0,Right on the spot,NUUMBER 318,HN,RAMSGATE,199.0,No,Not a school zone,2-way undivided,-33.98461,151.136213,Bayside,Sydney metro. area,Syd-Newc-Woll Gtr conurbation,Straight,,,,Unknown / not stated,Sealed,Unknown,Unknown,Darkness,Nil,No traffic controls,60 km/h,State,71,Off rd left => obj,703,Left off cway into object,,Other angle,4 wheel drive / SUV,4 wheel drive / SUV,3,0,0,0,0,12,December,Summer,Sunday,22:00 - Midnight,Evening / night,False,False,False,False
1378536,Non-casualty (towaway),Non-casualty (towaway),2024,2024,December,Friday,14:00 - 15:59,PACIFIC,HWY,5000,North,CUDGERA CREEK ROAD,OP,TANGLEWOOD,10.0,No,Not a school zone,Divided road,-28.344672,153.525171,Tweed,Country non-urban,Rest of NSW - Rural,Curved,,,,Nil,Sealed,Dry,Fine,Daylight,Nil,No traffic controls,110 km/h,State,34,Lane change right,306,Same - Lane change right,,Other angle,Unknown motor vehicle,Car (sedan/hatch),2,0,0,0,0,12,December,Summer,Friday,14:00 - 15:59,Midday / afternoon,False,False,False,False
1378542,Non-casualty (towaway),Non-casualty (towaway),2024,2024,November,Tuesday,20:00 - 21:59,JOHN,ST,0,Right on the spot,RYAN,AVE,SINGLETON,,No,Not a school zone,T-junction,-32.568667,151.164583,Singleton,Country urban,Rest of NSW - Urban,Straight,,,,Unknown / not stated,Sealed,Unknown,Unknown,Darkness,Nil,Give way sign,50 km/h,Local,75,Off end of road,709,Off end cway or T junct,,Vehicle - Object,Car (sedan/hatch),,1,0,0,0,0,11,November,Spring,Tuesday,20:00 - 21:59,Evening / night,False,False,False,False
1378548,Non-casualty (towaway),Non-casualty (towaway),2024,2024,December,Tuesday,14:00 - 15:59,RICKARD,RD,300,South,BYRON,RD,LEPPINGTON,,Yes,No,2-way undivided,-33.958449,150.809898,Camden,Sydney metro. area,Syd-Newc-Woll Gtr conurbation,Curved,,,,Off,Sealed,Dry,Fine,Daylight,Nil,No traffic controls,60 km/h,Local,33,Lane sideswipe,305,Same - Lane side swipe,,Other angle,Light truck,4 wheel drive / SUV,2,0,0,0,0,12,December,Summer,Tuesday,14:00 - 15:59,Midday / afternoon,False,False,False,False
1379084,Non-casualty (towaway),Non-casualty (towaway),2024,2024,December,Saturday,12:00 - 13:59,YERAMBA,RD,204,South,WARRINA,AVE,SUMMERLAND POINT,,No,Not a school zone,2-way undivided,-33.139125,151.561628,Central Coast,Country urban,Syd-Newc-Woll Gtr conurbation,Straight,,,,Unknown / not stated,Sealed,Dry,Fine,Daylight,Nil,No traffic controls,50 km/h,Local,71,Off rd left => obj,703,Left off cway into object,,Vehicle - Object,4 wheel drive / SUV,,1,0,0,0,0,12,December,Summer,Saturday,12:00 - 13:59,Midday / afternoon,False,False,False,False
1379428,Non-casualty (towaway),Non-casualty (towaway),2024,2024,December,Friday,20:00 - 21:59,GARDENERS,RD,0,Right on the spot,SUTHERLAND,ST,ROSEBERY,183.0,No,Not a school zone,T-junction,-33.922199,151.201691,Bayside,Sydney metro. area,Syd-Newc-Woll Gtr conurbation,Straight,,,,On,Sealed,Dry,Fine,Darkness,Nil,No traffic controls,60 km/h,State,20,Head on,201,Opp - Head on,,Head-on,Car (sedan/hatch),Passenger van,2,0,0,0,0,12,December,Summer,Friday,20:00 - 21:59,Evening / night,False,False,False,False
1379455,Non-casualty (towaway),Non-casualty (towaway),2024,2024,November,Thursday,18:00 - 19:59,WOODVILLE,RD,0,Right on the spot,LLEWELLYN,AVE,VILLAWOOD,640.0,No,Not a school zone,X-intersection,-33.881886,150.977495,Canterbury-Bankstown,Sydney metro. area,Syd-Newc-Woll Gtr conurbation,Straight,Steep grade,,,On,Sealed,Wet,Raining,Daylight,On,No traffic controls,60 km/h,State,21,Right through,202,Opp - Right-thru,,Other angle,Car (sedan/hatch),Car (sedan/hatch),3,0,0,0,0,11,November,Spring,Thursday,18:00 - 19:59,PM peak / evening commute,True,False,False,False
1380037,Non-casualty (towaway),Non-casualty (towaway),2024,2024,December,Friday,04:00 - 05:59,WORONORA,RD,0,Right on the spot,NUMBER 207,HN,ENGADINE,,No,Not a school zone,2-way undivided,-34.063639,151.004462,Sutherland,Sydney metro. area,Syd-Newc-Woll Gtr conurbation,Straight,,,,On,Sealed,Dry,Fine,Dawn,Nil,No traffic controls,50 km/h,Local,71,Off rd left => obj,703,Left off cway into object,,Other angle,Car (sedan/hatch),Car (sedan/hatch),2,0,0,0,0,12,December,Summer,Friday,04:00 - 05:59,Late night / early morning,False,False,False,False
1385405,Non-casualty (towaway),Non-casualty (towaway),2024,2024,May,Friday,22:00 - Midnight,CARNLEY,AVE,0,Right on the spot,GRINSELL,ST,KOTARA,603.0,No,Not a school zone,T-junction,-32.940119,151.693736,Newcastle,Newcastle met. area,Syd-Newc-Woll Gtr conurbation,Curved,Steep grade,,,On,Sealed,Wet,Raining,Darkness,Nil,No traffic controls,70 km/h,Regional,81,Off left/rt bnd=>obj,803,Off right bend into obj,Left,Vehicle - Object,Car (sedan/hatch),,1,0,0,0,0,5,May,Autumn,Friday,22:00 - Midnight,Evening / night,False,False,False,False
1385412,Non-casualty (towaway),Non-casualty (towaway),2024,2024,February,Thursday,16:00 - 17:59,SETTLERS,RD,0,Right on the spot,NUMBER 172,HN,LOWER MACDONALD,,No,Not a school zone,2-way undivided,-33.36587,150.972172,Hawkesbury,Country urban,Syd-Newc-Woll Gtr conurbation,Curved,Embankment/cutting,Roadwks/Detour/Diverson,,Unknown / not stated,Sealed,Dry,Fine,Daylight,Nil,No traffic controls,60 km/h,Local,87,Off lft/lft bnd=>obj,804,Off left bend into obj,Left,Other angle,Other bus,Car (sedan/hatch),2,0,0,0,0,2,February,Summer,Thursday,16:00 - 17:59,PM peak / evening commute,True,False,False,False